object,x,y,z,width,height,depth
Target,-0.0675,0.7727079,0.175,0.04999959,0.08541586,0.04999948
FailOnTouchObstacleShort,0.1625,0.79,-0.025,0.04999995,0.12,0.04999995
FailOnTouchObstacleLong,-0.1175,0.79,-0.175,0.15,0.12,0.05000001
FailOnTouchObstacleMed,-0.2075,0.79,0.075,0.1,0.12,0.04999995
FailOnTouchObstacleLong-1,0.1525,0.79,-0.145,0.15,0.12,0.05000001
FailOnTouchObstacleMed-1,-0.0975,0.79,-0.085,0.1,0.12,0.04999995
FailOnTouchObstacleShort-1,0.0825,0.79,-0.045,0.04999995,0.12,0.04999995
