object,x,y,z,width,height,depth
Target,-0.2975,0.7727079,0.175,0.04999959,0.08541586,0.04999948
FailOnTouchObstacleLong,-0.2275,0.79,0.115,0.15,0.12,0.05000001
FailOnTouchObstacleShort,0.1525,0.79,-0.015,0.04999995,0.12,0.04999995
FailOnTouchObstacleMed,0.1025,0.79,-0.075,0.1,0.12,0.04999995
FailOnTouchObstacleShort-1,-0.3075,0.79,-0.065,0.04999995,0.12,0.04999995
FailOnTouchObstacleMed-1,-0.0475,0.79,-0.115,0.1,0.12,0.04999995
FailOnTouchObstacleLong-1,-0.1275,0.79,-0.004999999,0.15,0.12,0.05000001
