object,x,y,z,width,height,depth
Target,-0.2375,0.7727079,0.175,0.04999959,0.08541586,0.04999948
FailOnTouchObstacleMed,0.2225,0.79,0.115,0.1,0.12,0.04999995
FailOnTouchObstacleShort,-0.1875,0.79,-0.004999999,0.04999995,0.12,0.04999995
FailOnTouchObstacleLong,0.2225,0.79,-0.035,0.15,0.12,0.05000001
FailOnTouchObstacleShort-1,0.0425,0.79,-0.035,0.04999995,0.12,0.04999995
FailOnTouchObstacleMed-1,-0.1875,0.79,-0.185,0.1,0.12,0.04999995
FailOnTouchObstacleLong-1,-0.1675,0.79,-0.095,0.15,0.12,0.05000001
