object,x,y,z,width,height,depth
Target,0.1725,0.7727079,0.175,0.04999959,0.08541586,0.04999948
FailOnTouchObstacleLong,0.0525,0.79,0.115,0.15,0.12,0.05000001
FailOnTouchObstacleShort,-0.0275,0.79,-0.105,0.04999995,0.12,0.04999995
FailOnTouchObstacleMed,0.0325,0.79,0.055,0.1,0.12,0.04999995
FailOnTouchObstacleLong-1,-0.1475,0.79,0.165,0.15,0.12,0.05000001
FailOnTouchObstacleMed-1,0.2225,0.79,-0.035,0.1,0.12,0.04999995
FailOnTouchObstacleShort-1,-0.2675,0.79,0.145,0.04999995,0.12,0.04999995
