object,x,y,z,width,height,depth
Target,0.1325,0.7727079,0.175,0.04999959,0.08541586,0.04999948
FailOnTouchObstacleMed,0.0325,0.79,-0.165,0.1,0.12,0.04999995
FailOnTouchObstacleLong,-0.1875,0.79,-0.175,0.15,0.12,0.05000001
FailOnTouchObstacleShort,-0.2175,0.79,0.095,0.04999995,0.12,0.04999995
FailOnTouchObstacleMed-1,0.2725,0.79,0.125,0.1,0.12,0.04999995
FailOnTouchObstacleLong-1,0.1725,0.79,0.065,0.15,0.12,0.05000001
FailOnTouchObstacleShort-1,0.0325,0.79,0.025,0.04999995,0.12,0.04999995
