object,x,y,z,width,height,depth
Target,-0.1275,0.7727079,0.175,0.04999959,0.08541586,0.04999948
FailOnTouchObstacleShort,-0.2975,0.79,-0.175,0.04999995,0.12,0.04999995
FailOnTouchObstacleMed,0.2625,0.79,-0.045,0.1,0.12,0.04999995
FailOnTouchObstacleLong,-0.0075,0.79,0.125,0.15,0.12,0.05000001
FailOnTouchObstacleShort-1,-0.1075,0.79,-0.045,0.04999995,0.12,0.04999995
FailOnTouchObstacleLong-1,-0.2475,0.79,-0.004999999,0.15,0.12,0.05000001
FailOnTouchObstacleMed-1,0.0325,0.79,0.045,0.1,0.12,0.04999995
