object,x,y,z,width,height,depth
Target,0.0725,0.7727079,0.175,0.04999959,0.08541586,0.04999948
FailOnTouchObstacleShort,0.1725,0.79,-0.125,0.04999995,0.12,0.04999995
FailOnTouchObstacleMed,-0.2375,0.79,0.125,0.1,0.12,0.04999995
FailOnTouchObstacleLong,0.1525,0.79,-0.045,0.15,0.12,0.05000001
FailOnTouchObstacleLong-1,0.1925,0.79,0.135,0.15,0.12,0.05000001
FailOnTouchObstacleMed-1,0.0025,0.79,-0.135,0.1,0.12,0.04999995
FailOnTouchObstacleShort-1,0.1925,0.79,0.065,0.04999995,0.12,0.04999995
