object,x,y,z,width,height,depth
Target,-0.0675,0.7727079,0.175,0.04999959,0.08541586,0.04999948
FailOnTouchObstacleShort,-0.2775,0.79,0.155,0.04999995,0.12,0.04999995
FailOnTouchObstacleMed,0.0325,0.79,0.005000001,0.1,0.12,0.04999995
FailOnTouchObstacleLong,0.1425,0.79,-0.055,0.15,0.12,0.05000001
FailOnTouchObstacleShort-1,-0.2175,0.79,0.045,0.04999995,0.12,0.04999995
FailOnTouchObstacleMed-1,-0.0775,0.79,-0.155,0.1,0.12,0.04999995
FailOnTouchObstacleLong-1,0.2125,0.79,0.115,0.15,0.12,0.05000001
