object,x,y,z,width,height,depth
Target,-0.0775,0.7727079,0.175,0.04999959,0.08541586,0.04999948
FailOnTouchObstacleMed,-0.1875,0.79,0.165,0.1,0.12,0.04999995
FailOnTouchObstacleLong,0.1925,0.79,0.005000001,0.15,0.12,0.05000001
FailOnTouchObstacleShort,-0.0175,0.79,-0.105,0.04999995,0.12,0.04999995
FailOnTouchObstacleLong-1,0.0925,0.79,0.165,0.15,0.12,0.05000001
FailOnTouchObstacleMed-1,0.2625,0.79,0.145,0.1,0.12,0.04999995
FailOnTouchObstacleShort-1,-0.0875,0.79,-0.004999999,0.04999995,0.12,0.04999995
