object,x,y,z,width,height,depth
Target,0.1625,0.7727079,0.175,0.04999959,0.08541586,0.04999948
FailOnTouchObstacleMed,0.0325,0.79,0.035,0.1,0.12,0.04999995
FailOnTouchObstacleLong,0.1825,0.79,0.115,0.15,0.12,0.05000001
FailOnTouchObstacleShort,-0.2075,0.79,0.105,0.04999995,0.12,0.04999995
FailOnTouchObstacleShort-1,-0.2975,0.79,-0.065,0.04999995,0.12,0.04999995
FailOnTouchObstacleLong-1,0.0925,0.79,-0.185,0.15,0.12,0.05000001
FailOnTouchObstacleMed-1,0.2625,0.79,-0.004999999,0.1,0.12,0.04999995
