object,x,y,z,width,height,depth
Target,-0.1975,0.7727079,0.175,0.04999959,0.08541586,0.04999948
FailOnTouchObstacleLong,0.2325,0.79,-0.095,0.15,0.12,0.05000001
FailOnTouchObstacleMed,0.0925,0.79,0.075,0.1,0.12,0.04999995
FailOnTouchObstacleShort,0.2525,0.79,-0.025,0.04999995,0.12,0.04999995
FailOnTouchObstacleShort-1,-0.0075,0.79,0.005000001,0.04999995,0.12,0.04999995
FailOnTouchObstacleLong-1,-0.2575,0.79,-0.055,0.15,0.12,0.05000001
FailOnTouchObstacleMed-1,-0.0775,0.79,0.165,0.1,0.12,0.04999995
