object,x,y,z,width,height,depth
Target,0.0025,0.7727079,0.175,0.04999959,0.08541586,0.04999948
FailOnTouchObstacleLong,-0.2575,0.79,-0.004999999,0.15,0.12,0.05000001
FailOnTouchObstacleShort,-0.2375,0.79,-0.135,0.04999995,0.12,0.04999995
FailOnTouchObstacleMed,-0.0975,0.79,-0.125,0.1,0.12,0.04999995
FailOnTouchObstacleShort-1,-0.2675,0.79,0.115,0.04999995,0.12,0.04999995
FailOnTouchObstacleMed-1,0.0825,0.79,-0.155,0.1,0.12,0.04999995
FailOnTouchObstacleLong-1,0.2525,0.79,0.145,0.15,0.12,0.05000001
