object,x,y,z,width,height,depth
Target,-0.1475,0.7727079,0.175,0.04999959,0.08541586,0.04999948
FailOnTouchObstacleLong,0.2125,0.79,0.055,0.15,0.12,0.05000001
FailOnTouchObstacleShort,-0.0375,0.79,-0.155,0.04999995,0.12,0.04999995
FailOnTouchObstacleMed,0.2325,0.79,-0.065,0.1,0.12,0.04999995
FailOnTouchObstacleLong-1,-0.2575,0.79,-0.175,0.15,0.12,0.05000001
FailOnTouchObstacleMed-1,-0.2175,0.79,-0.095,0.1,0.12,0.04999995
FailOnTouchObstacleShort-1,-0.1475,0.79,-0.004999999,0.04999995,0.12,0.04999995
