object,x,y,z,width,height,depth
Target,0.1625,0.7727079,0.175,0.04999959,0.08541586,0.04999948
FailOnTouchObstacleMed,0.0225,0.79,0.165,0.1,0.12,0.04999995
FailOnTouchObstacleLong,0.1125,0.79,-0.135,0.15,0.12,0.05000001
FailOnTouchObstacleShort,-0.1375,0.79,0.115,0.04999995,0.12,0.04999995
FailOnTouchObstacleShort-1,-0.2375,0.79,-0.035,0.04999995,0.12,0.04999995
FailOnTouchObstacleLong-1,0.0525,0.79,0.045,0.15,0.12,0.05000001
FailOnTouchObstacleMed-1,0.2625,0.79,-0.155,0.1,0.12,0.04999995
