object,x,y,z,width,height,depth
Target,-0.1775,0.7727079,0.175,0.04999959,0.08541586,0.04999948
FailOnTouchObstacleLong,0.0425,0.79,-0.105,0.15,0.12,0.05000001
FailOnTouchObstacleShort,0.1625,0.79,-0.095,0.04999995,0.12,0.04999995
FailOnTouchObstacleMed,0.1525,0.79,-0.185,0.1,0.12,0.04999995
FailOnTouchObstacleLong-1,-0.1675,0.79,0.085,0.15,0.12,0.05000001
FailOnTouchObstacleShort-1,0.2925,0.79,0.045,0.04999995,0.12,0.04999995
FailOnTouchObstacleMed-1,0.0925,0.79,0.045,0.1,0.12,0.04999995
