object,x,y,z,width,height,depth
Target,-0.0675,0.7727079,0.175,0.04999959,0.08541586,0.04999948
FailOnTouchObstacleLong,0.1425,0.79,0.115,0.15,0.12,0.05000001
FailOnTouchObstacleShort,0.1725,0.79,-0.055,0.04999995,0.12,0.04999995
FailOnTouchObstacleMed,0.0525,0.79,0.015,0.1,0.12,0.04999995
FailOnTouchObstacleMed-1,0.0225,0.79,-0.095,0.1,0.12,0.04999995
FailOnTouchObstacleLong-1,-0.2275,0.79,-0.035,0.15,0.12,0.05000001
FailOnTouchObstacleShort-1,0.1825,0.79,-0.145,0.04999995,0.12,0.04999995
