object,x,y,z,width,height,depth
Target,0,0.7727079,0.175,0.04999959,0.08541586,0.04999948
FailOnTouchObstacleMed,0.2225,0.79,-0.105,0.1,0.12,0.04999995
FailOnTouchObstacleShort,-0.2775,0.79,-0.105,0.04999995,0.12,0.04999995
FailOnTouchObstacleLong,-0.1575,0.79,-0.105,0.15,0.12,0.05000001
FailOnTouchObstacleMed-1,0.1925,0.79,0.055,0.1,0.12,0.04999995
FailOnTouchObstacleShort-1,0.0325,0.79,0.055,0.04999995,0.12,0.04999995
FailOnTouchObstacleLong-1,-0.1875,0.79,0.055,0.15,0.12,0.05000001
