object,x,y,z,width,height,depth
Target,-0.1475,0.7727079,0.175,0.04999959,0.08541586,0.04999948
FailOnTouchObstacleShort,0.1825,0.79,0.095,0.04999995,0.12,0.04999995
FailOnTouchObstacleMed,-0.2375,0.79,-0.045,0.1,0.12,0.04999995
FailOnTouchObstacleLong,-0.0375,0.79,0.155,0.15,0.12,0.05000001
FailOnTouchObstacleShort-1,0.1725,0.79,-0.045,0.04999995,0.12,0.04999995
FailOnTouchObstacleMed-1,0.2025,0.79,0.025,0.1,0.12,0.04999995
FailOnTouchObstacleLong-1,-0.0775,0.79,-0.075,0.15,0.12,0.05000001
