object,x,y,z,width,height,depth
Target,0,0.7727079,0.175,0.04999959,0.08541586,0.04999948
FailOnTouchObstacleLong,-0.0475,0.79,-0.105,0.15,0.12,0.05000001
FailOnTouchObstacleMed,0.1825,0.79,-0.105,0.1,0.12,0.04999995
FailOnTouchObstacleShort,-0.2375,0.79,0.055,0.04999995,0.12,0.04999995
FailOnTouchObstacleLong-1,-0.0275,0.79,0.055,0.15,0.12,0.05000001
