object,x,y,z,width,height,depth
Target,0.2525,0.7727079,0.175,0.04999959,0.08541586,0.04999948
FailOnTouchObstacleMed,-0.2175,0.79,0.115,0.1,0.12,0.04999995
FailOnTouchObstacleShort,-0.1275,0.79,0.015,0.04999995,0.12,0.04999995
FailOnTouchObstacleLong,0.1625,0.79,0.045,0.15,0.12,0.05000001
FailOnTouchObstacleLong-1,-0.2375,0.79,0.005000001,0.15,0.12,0.05000001
FailOnTouchObstacleMed-1,0.1625,0.79,-0.145,0.1,0.12,0.04999995
FailOnTouchObstacleShort-1,-0.0275,0.79,-0.085,0.04999995,0.12,0.04999995
