object,x,y,z,width,height,depth
Target,-0.2175,0.7727079,0.175,0.04999959,0.08541586,0.04999948
FailOnTouchObstacleMed,0.2125,0.79,-0.045,0.1,0.12,0.04999995
FailOnTouchObstacleLong,0.0325,0.79,0.015,0.15,0.12,0.05000001
FailOnTouchObstacleShort,0.0025,0.79,-0.105,0.04999995,0.12,0.04999995
FailOnTouchObstacleLong-1,-0.2075,0.79,0.005000001,0.15,0.12,0.05000001
FailOnTouchObstacleShort-1,0.3025,0.79,0.105,0.04999995,0.12,0.04999995
FailOnTouchObstacleMed-1,-0.1175,0.79,0.165,0.1,0.12,0.04999995
