object,x,y,z,width,height,depth
Target,-0.1575,0.7727079,0.175,0.04999959,0.08541586,0.04999948
FailOnTouchObstacleShort,0.1325,0.79,0.035,0.04999995,0.12,0.04999995
FailOnTouchObstacleMed,-0.0675,0.79,0.135,0.1,0.12,0.04999995
FailOnTouchObstacleLong,0.0825,0.79,-0.185,0.15,0.12,0.05000001
FailOnTouchObstacleShort-1,-0.1975,0.79,-0.155,0.04999995,0.12,0.04999995
FailOnTouchObstacleMed-1,0.2625,0.79,-0.015,0.1,0.12,0.04999995
FailOnTouchObstacleLong-1,-0.2175,0.79,-0.035,0.15,0.12,0.05000001
