object,x,y,z,width,height,depth
Target,-0.1075,0.7727079,0.175,0.04999959,0.08541586,0.04999948
FailOnTouchObstacleLong,-0.2075,0.79,0.105,0.15,0.12,0.05000001
FailOnTouchObstacleShort,0.1725,0.79,-0.155,0.04999995,0.12,0.04999995
FailOnTouchObstacleMed,-0.0675,0.79,0.045,0.1,0.12,0.04999995
FailOnTouchObstacleShort-1,0.2925,0.79,-0.035,0.04999995,0.12,0.04999995
FailOnTouchObstacleLong-1,-0.0175,0.79,-0.125,0.15,0.12,0.05000001
FailOnTouchObstacleMed-1,-0.2475,0.79,0.045,0.1,0.12,0.04999995
