object,x,y,z,width,height,depth
Target,-0.2975,0.7727079,0.175,0.04999959,0.08541586,0.04999948
FailOnTouchObstacleShort,-0.2675,0.79,0.045,0.04999995,0.12,0.04999995
FailOnTouchObstacleMed,0.2425,0.79,0.005000001,0.1,0.12,0.04999995
FailOnTouchObstacleLong,-0.0375,0.79,0.085,0.15,0.12,0.05000001
FailOnTouchObstacleMed-1,-0.2475,0.79,-0.175,0.1,0.12,0.04999995
FailOnTouchObstacleLong-1,-0.1975,0.79,0.115,0.15,0.12,0.05000001
FailOnTouchObstacleShort-1,-0.2275,0.79,-0.045,0.04999995,0.12,0.04999995
