object,x,y,z,width,height,depth
Target,0.0725,0.7727079,0.175,0.04999959,0.08541586,0.04999948
FailOnTouchObstacleMed,-0.0975,0.79,-0.175,0.1,0.12,0.04999995
FailOnTouchObstacleShort,-0.1475,0.79,0.025,0.04999995,0.12,0.04999995
FailOnTouchObstacleLong,0.0125,0.79,-0.075,0.15,0.12,0.05000001
FailOnTouchObstacleShort-1,0.1825,0.79,0.105,0.04999995,0.12,0.04999995
FailOnTouchObstacleMed-1,0.2725,0.79,-0.145,0.1,0.12,0.04999995
FailOnTouchObstacleLong-1,0.1325,0.79,-0.185,0.15,0.12,0.05000001
