object,x,y,z,width,height,depth
Target,0.2525,0.7727079,0.175,0.04999959,0.08541586,0.04999948
FailOnTouchObstacleMed,-0.1875,0.79,-0.185,0.1,0.12,0.04999995
FailOnTouchObstacleLong,-0.2175,0.79,0.085,0.15,0.12,0.05000001
FailOnTouchObstacleShort,0.2625,0.79,0.055,0.04999995,0.12,0.04999995
FailOnTouchObstacleShort-1,-0.2575,0.79,-0.115,0.04999995,0.12,0.04999995
FailOnTouchObstacleMed-1,0.0125,0.79,0.105,0.1,0.12,0.04999995
FailOnTouchObstacleLong-1,0.0125,0.79,-0.055,0.15,0.12,0.05000001
