object,x,y,z,width,height,depth
Target,0.2625,0.7727079,0.175,0.04999959,0.08541586,0.04999948
FailOnTouchObstacleShort,0.1325,0.79,-0.055,0.04999995,0.12,0.04999995
FailOnTouchObstacleLong,-0.1775,0.79,-0.175,0.15,0.12,0.05000001
FailOnTouchObstacleMed,-0.0175,0.79,-0.095,0.1,0.12,0.04999995
FailOnTouchObstacleLong-1,-0.0375,0.79,-0.025,0.15,0.12,0.05000001
FailOnTouchObstacleShort-1,-0.0775,0.79,0.165,0.04999995,0.12,0.04999995
FailOnTouchObstacleMed-1,0.1725,0.79,0.145,0.1,0.12,0.04999995
