object,x,y,z,width,height,depth
Target,0.1925,0.7727079,0.175,0.04999959,0.08541586,0.04999948
FailOnTouchObstacleLong,-0.1975,0.79,-0.185,0.15,0.12,0.05000001
FailOnTouchObstacleMed,0.1725,0.79,0.045,0.1,0.12,0.04999995
FailOnTouchObstacleShort,-0.1475,0.79,0.165,0.04999995,0.12,0.04999995
FailOnTouchObstacleLong-1,-0.2175,0.79,-0.015,0.15,0.12,0.05000001
FailOnTouchObstacleMed-1,-0.1875,0.79,0.105,0.1,0.12,0.04999995
FailOnTouchObstacleShort-1,-0.3075,0.79,0.085,0.04999995,0.12,0.04999995
