object,x,y,z,width,height,depth
Target,-0.1575,0.7727079,0.175,0.04999959,0.08541586,0.04999948
FailOnTouchObstacleLong,-0.2075,0.79,-0.065,0.15,0.12,0.05000001
FailOnTouchObstacleMed,0.1725,0.79,-0.175,0.1,0.12,0.04999995
FailOnTouchObstacleShort,0.0925,0.79,0.065,0.04999995,0.12,0.04999995
FailOnTouchObstacleShort-1,-0.2175,0.79,0.085,0.04999995,0.12,0.04999995
FailOnTouchObstacleLong-1,-0.0975,0.79,-0.135,0.15,0.12,0.05000001
FailOnTouchObstacleMed-1,0.1825,0.79,0.155,0.1,0.12,0.04999995
