object,x,y,z,width,height,depth
Target,-0.0275,0.7727079,0.175,0.04999959,0.08541586,0.04999948
FailOnTouchObstacleShort,0.0725,0.79,0.055,0.04999995,0.12,0.04999995
FailOnTouchObstacleLong,0.2525,0.79,0.095,0.15,0.12,0.05000001
FailOnTouchObstacleMed,-0.2075,0.79,0.085,0.1,0.12,0.04999995
FailOnTouchObstacleShort-1,-0.0975,0.79,0.005000001,0.04999995,0.12,0.04999995
FailOnTouchObstacleMed-1,0.0925,0.79,-0.004999999,0.1,0.12,0.04999995
FailOnTouchObstacleLong-1,0.2125,0.79,-0.125,0.15,0.12,0.05000001
