object,x,y,z,width,height,depth
Target,-0.1375,0.7727079,0.175,0.04999959,0.08541586,0.04999948
FailOnTouchObstacleShort,0.1825,0.79,-0.075,0.04999995,0.12,0.04999995
FailOnTouchObstacleMed,0.0425,0.79,0.115,0.1,0.12,0.04999995
FailOnTouchObstacleLong,-0.0875,0.79,-0.015,0.15,0.12,0.05000001
FailOnTouchObstacleLong-1,-0.1975,0.79,-0.125,0.15,0.12,0.05000001
FailOnTouchObstacleShort-1,0.3025,0.79,-0.065,0.04999995,0.12,0.04999995
FailOnTouchObstacleMed-1,0.1225,0.79,-0.165,0.1,0.12,0.04999995
