object,x,y,z,width,height,depth
Target,-0.1275,0.7727079,0.175,0.04999959,0.08541586,0.04999948
FailOnTouchObstacleLong,-0.0975,0.79,-0.135,0.15,0.12,0.05000001
FailOnTouchObstacleShort,-0.2475,0.79,-0.105,0.04999995,0.12,0.04999995
FailOnTouchObstacleMed,-0.2175,0.79,0.035,0.1,0.12,0.04999995
FailOnTouchObstacleShort-1,-0.3075,0.79,0.125,0.04999995,0.12,0.04999995
FailOnTouchObstacleLong-1,0.2125,0.79,-0.025,0.15,0.12,0.05000001
FailOnTouchObstacleMed-1,-0.1175,0.79,-0.025,0.1,0.12,0.04999995
