object,x,y,z,width,height,depth
Target,0.1025,0.7727079,0.175,0.04999959,0.08541586,0.04999948
FailOnTouchObstacleShort,0.2825,0.79,0.055,0.04999995,0.12,0.04999995
FailOnTouchObstacleMed,0.1825,0.79,-0.135,0.1,0.12,0.04999995
FailOnTouchObstacleLong,0.0325,0.79,0.085,0.15,0.12,0.05000001
FailOnTouchObstacleLong-1,-0.1275,0.79,0.115,0.15,0.12,0.05000001
FailOnTouchObstacleMed-1,0.1725,0.79,0.085,0.1,0.12,0.04999995
FailOnTouchObstacleShort-1,-0.2275,0.79,-0.045,0.04999995,0.12,0.04999995
