object,x,y,z,width,height,depth
Target,-0.1075,0.7727079,0.175,0.04999959,0.08541586,0.04999948
FailOnTouchObstacleLong,0.1325,0.79,-0.155,0.15,0.12,0.05000001
FailOnTouchObstacleMed,0.0225,0.79,0.075,0.1,0.12,0.04999995
FailOnTouchObstacleShort,0.0225,0.79,-0.115,0.04999995,0.12,0.04999995
FailOnTouchObstacleMed-1,0.1125,0.79,0.015,0.1,0.12,0.04999995
FailOnTouchObstacleShort-1,0.2025,0.79,-0.015,0.04999995,0.12,0.04999995
FailOnTouchObstacleLong-1,-0.2375,0.79,-0.115,0.15,0.12,0.05000001
