object,x,y,z,width,height,depth
Target,-0.2175,0.7727079,0.175,0.04999959,0.08541586,0.04999948
FailOnTouchObstacleMed,0.1425,0.79,-0.165,0.1,0.12,0.04999995
FailOnTouchObstacleLong,0.1625,0.79,0.085,0.15,0.12,0.05000001
FailOnTouchObstacleShort,-0.0575,0.79,-0.035,0.04999995,0.12,0.04999995
FailOnTouchObstacleMed-1,-0.2775,0.79,-0.075,0.1,0.12,0.04999995
FailOnTouchObstacleLong-1,-0.0975,0.79,-0.135,0.15,0.12,0.05000001
FailOnTouchObstacleShort-1,-0.2275,0.79,0.055,0.04999995,0.12,0.04999995
