object,x,y,z,width,height,depth
Target,0.2325,0.7727079,0.175,0.04999959,0.08541586,0.04999948
FailOnTouchObstacleLong,0.2525,0.79,-0.035,0.15,0.12,0.05000001
FailOnTouchObstacleShort,-0.1775,0.79,-0.125,0.04999995,0.12,0.04999995
FailOnTouchObstacleMed,0.1125,0.79,-0.004999999,0.1,0.12,0.04999995
FailOnTouchObstacleLong-1,-0.0675,0.79,-0.055,0.15,0.12,0.05000001
FailOnTouchObstacleShort-1,0.3025,0.79,0.085,0.04999995,0.12,0.04999995
FailOnTouchObstacleMed-1,-0.2775,0.79,0.065,0.1,0.12,0.04999995
