object,x,y,z,width,height,depth
Target,0.0025,0.7727079,0.175,0.04999959,0.08541586,0.04999948
FailOnTouchObstacleShort,0.1725,0.79,0.085,0.04999995,0.12,0.04999995
FailOnTouchObstacleMed,0.1025,0.79,-0.065,0.1,0.12,0.04999995
FailOnTouchObstacleLong,-0.1575,0.79,-0.105,0.15,0.12,0.05000001
FailOnTouchObstacleMed-1,-0.2075,0.79,-0.025,0.1,0.12,0.04999995
FailOnTouchObstacleLong-1,-0.2075,0.79,0.135,0.15,0.12,0.05000001
FailOnTouchObstacleShort-1,0.0825,0.79,0.075,0.04999995,0.12,0.04999995
