object,x,y,z,width,height,depth
Target,0.2325,0.7727079,0.175,0.04999959,0.08541586,0.04999948
FailOnTouchObstacleLong,-0.2575,0.79,-0.125,0.15,0.12,0.05000001
FailOnTouchObstacleShort,-0.0675,0.79,-0.175,0.04999995,0.12,0.04999995
FailOnTouchObstacleMed,0.1025,0.79,0.125,0.1,0.12,0.04999995
FailOnTouchObstacleLong-1,-0.1975,0.79,0.145,0.15,0.12,0.05000001
FailOnTouchObstacleShort-1,0.2725,0.79,0.005000001,0.04999995,0.12,0.04999995
FailOnTouchObstacleMed-1,0.0125,0.79,0.025,0.1,0.12,0.04999995
