object,x,y,z,width,height,depth
Target,-0.0375,0.7727079,0.175,0.04999959,0.08541586,0.04999948
FailOnTouchObstacleLong,-0.2175,0.79,-0.155,0.15,0.12,0.05000001
FailOnTouchObstacleShort,0.1825,0.79,-0.115,0.04999995,0.12,0.04999995
FailOnTouchObstacleMed,0.2425,0.79,0.045,0.1,0.12,0.04999995
FailOnTouchObstacleShort-1,-0.2775,0.79,-0.085,0.04999995,0.12,0.04999995
FailOnTouchObstacleLong-1,-0.1275,0.79,-0.015,0.15,0.12,0.05000001
FailOnTouchObstacleMed-1,0.2225,0.79,0.145,0.1,0.12,0.04999995
