object,x,y,z,width,height,depth
Target,0.2525,0.7727079,0.175,0.04999959,0.08541586,0.04999948
FailOnTouchObstacleLong,0.1325,0.79,0.085,0.15,0.12,0.05000001
FailOnTouchObstacleMed,-0.1175,0.79,-0.155,0.1,0.12,0.04999995
FailOnTouchObstacleShort,-0.1475,0.79,-0.004999999,0.04999995,0.12,0.04999995
FailOnTouchObstacleLong-1,-0.0275,0.79,-0.045,0.15,0.12,0.05000001
FailOnTouchObstacleShort-1,-0.2475,0.79,0.115,0.04999995,0.12,0.04999995
FailOnTouchObstacleMed-1,-0.0275,0.79,0.115,0.1,0.12,0.04999995
