object,x,y,z,width,height,depth
Target,0.1725,0.7727079,0.175,0.04999959,0.08541586,0.04999948
FailOnTouchObstacleMed,-0.0075,0.79,0.145,0.1,0.12,0.04999995
FailOnTouchObstacleShort,-0.2075,0.79,0.165,0.04999995,0.12,0.04999995
FailOnTouchObstacleLong,-0.2575,0.79,-0.115,0.15,0.12,0.05000001
FailOnTouchObstacleLong-1,0.0825,0.79,0.035,0.15,0.12,0.05000001
FailOnTouchObstacleMed-1,0.1525,0.79,-0.075,0.1,0.12,0.04999995
FailOnTouchObstacleShort-1,-0.0175,0.79,-0.055,0.04999995,0.12,0.04999995
